0,653718065,13800
0,1314072135,15180
0,1316366577,16560
0,1318661011,17940
0,1320955429,19320
0,1323249828,20700
0,1524395534,22080
0,1975537711,23460
0,1977832188,24840
0,1980126590,26220
0,1982421030,27600
0,1984715466,28980
0,1987009882,30360
0,1989304281,31740
0,2185863523,33120
0,2637010888,34500
0,2639305287,35880
0,2641599730,37260
0,2643894163,38640
0,2646188562,40020
0,2648483004,41400
0,2650777437,42780
0,2653071837,44160
0,2655366278,45540
0,2657660715,46920
0,2846191899,48300
0,2848486342,49680
0,3298491755,51060
0,3300786189,52440
0,3303080587,53820
0,3305375031,55200
0,3307669466,56580
0,3309963886,57960
0,3312258283,59340
0,3314552728,60720
0,3316847160,62100
0,3319141562,63480
0,3321436003,64860
0,3323730439,66240
0,3326024860,67620
0,3328319259,69000
0,3330613700,70380
0,3507675235,71760
0,3509969652,73140
0,3512264053,74520
0,3959980426,75900
0,3962274827,77280
0,3964569268,78660
0,3966863703,80040
0,3969158105,81420
0,3971452547,82800
0,3973746979,84180
0,3976041381,85560
0,3978335801,86940
0,3980630246,88320
0,3982924680,89700
0,3985219080,91080
0,3987513523,92460
0,3989807957,93840
0,3992102355,95220
0,3994396801,96600
0,3996691237,97980
0,3998985656,99360
0,4001280057,100740
0,4003574499,102120
0,4005868932,103500
0,4008163335,104880
0,4168019182,106260
0,4170313582,107640
0,4172608025,109020
0,4174902460,110400
0,4177196859,111780
0,4621476993,113160
0,4623771426,114540
0,4626065828,115920
0,4628360271,117300
0,4630654709,118680
0,4632949128,120060
0,4635243528,121440
0,4637537971,122820
0,4639832407,124200
0,4642126807,125580
0,4644421249,126960
0,4646715686,128340
0,4649010107,129720
0,4651304505,131100
0,4653598950,132480
0,4655893385,133860
0,4658187784,135240
0,4660482228,136620
0,4662776663,138000
0,4665071063,139380
0,4667365506,140760
0,4669659944,142140
0,4671954363,143520
0,4674248763,144900
0,4676543205,146280
0,4678837641,147660
0,4681132042,149040
0,4683426485,150420
0,4685720919,151800
0,4688015340,153180
0,4690309741,154560
0,4692604185,155940
0,4694898620,157320
0,4829518253,158700
0,4831812688,160080
0,4834107090,161460
0,4836401532,162840
0,4838695971,164220
0,4840990389,165600
0,4843284789,166980
0,5044430550,168360
0,5282981571,169740
0,5285275970,171120
0,5287570414,172500
0,5289864851,173880
0,5292159251,175260
0,5294453693,176640
0,5296748128,178020
0,5299042529,179400
0,5301336951,180780
0,5303631395,182160
0,5305925831,183540
0,5308220231,184920
0,5310514675,186300
0,5312809110,187680
0,5315103511,189060
0,5317397952,190440
0,5319692388,191820
0,5321986812,193200
0,5324281213,194580
0,5326575656,195960
0,5328870091,197340
0,5331164491,198720
0,5333458934,200100
0,5335753370,201480
0,5338047768,202860
0,5340342192,204240
0,5342636634,205620
0,5344931069,207000
0,5347225473,208380
0,5349519915,209760
0,5351814350,211140
0,5354108751,212520
0,5356403194,213900
0,5358697631,215280
0,5360992052,216660
0,5363286453,218040
0,5365580895,219420
0,5367875331,220800
0,5370169732,222180
0,5372464177,223560
0,5374758612,224940
0,5377053011,226320
0,5379347434,227700
0,5381641877,229080
0,5383936311,230460
0,5386230713,231840
0,5388525157,233220
0,5390819592,234600
0,5393113993,235980
0,5489878156,237360
0,5492172556,238740
0,5494467001,240120
0,5496761436,241500
0,5499055837,242880
0,5501350259,244260
0,5503644702,245640
0,5505939138,247020
0,5508233538,248400
0,5510527981,249780
0,5512822416,251160
0,5705940297,252540
0,5944494248,253920
0,5946788683,255300
0,5949083084,256680
0,5951377527,258060
0,5953671967,259440
0,5955966386,260820
0,5958260788,262200
0,5960555230,263580
0,5962849667,264960
0,5965144066,266340
0,5967438511,267720
0,5969732947,269100
0,5972027346,270480
0,5974321771,271860
0,5976616214,273240
0,5978910649,274620
0,5981205051,276000
0,5983499495,277380
0,5985793930,278760
0,5988088331,280140
0,5990382775,281520
0,5992677216,282900
0,5994971634,284280
0,5997266035,285660
0,5999560478,287040
0,6001854913,288420
0,6004149315,289800
0,6006443758,291180
0,6008738195,292560
0,6011032594,293940
0,6013327018,295320
0,6015621462,296700
0,6017915896,298080
0,6020210299,299460
0,6022504743,300840
0,6024799179,302220
0,6027093580,303600
0,6029388022,304980
0,6031682463,306360
0,6033976881,307740
0,6036271282,309120
0,6038565726,310500
0,6040860162,311880
0,6043154563,313260
0,6045449005,314640
0,6047743442,316020
0,6050037843,317400
0,6052332266,318780
0,6054626710,320160
0,6056921146,321540
0,6059215546,322920
0,6061509991,324300
0,6063804427,325680
0,6066098828,327060
0,6068393272,328440
0,6070687708,329820
0,6072982130,331200
0,6075276530,332580
0,6077570974,333960
0,6079865410,335340
0,6082159813,336720
0,6084454255,338100
0,6086748690,339480
0,6089043092,340860
0,6091337514,342240
0,6093631957,343620
0,6095926395,345000
0,6098220795,346380
0,6100515241,347760
0,6102809675,349140
0,6105104075,350520
0,6107398520,351900
0,6109692957,353280
0,6150246157,354660
0,6152540603,356040
0,6154835039,357420
0,6157129438,358800
0,6159423883,360180
0,6161718318,361560
0,6164012741,362940
0,6166307143,364320
0,6168601587,365700
0,6170896023,367080
0,6173190423,368460
0,6175484867,369840
0,6177779303,371220
0,6180073703,372600
0,6182368126,373980
0,6184662571,375360
0,6186957007,376740
0,6367458210,378120
0,6568603974,379500
0,6606015141,380880
0,6608309542,382260
0,6610603986,383640
0,6612898422,385020
0,6615192824,386400
0,6617487268,387780
0,6619781703,389160
0,6622076104,390540
0,6624370527,391920
0,6626664974,393300
0,6628959407,394680
0,6631253809,396060
0,6633548254,397440
0,6635842690,398820
0,6638137092,400200
0,6640431535,401580
0,6642725971,402960
0,6645020395,404340
0,6647314795,405720
0,6649609237,407100
0,6651903673,408480
0,6654198075,409860
0,6656492519,411240
0,6658786955,412620
0,6661081357,414000
0,6663375800,415380
0,6665670224,416760
0,6667964660,418140
0,6670259062,419520
0,6672553505,420900
0,6674847941,422280
0,6677142343,423660
0,6679436786,425040
0,6681731223,426420
0,6684025624,427800
0,6686320046,429180
0,6688614491,430560
0,6690908927,431940
0,6693203328,433320
0,6695497773,434700
0,6697792209,436080
0,6700086609,437460
0,6702381055,438840
0,6704675478,440220
0,6706969914,441600
0,6709264315,442980
0,6711558758,444360
0,6713853195,445740
0,6716147596,447120
0,6718442040,448500
0,6720736478,449880
0,6723030878,451260
0,6725325300,452640
0,6727619746,454020
0,6729914182,455400
0,6732208582,456780
0,6734503027,458160
0,6736797464,459540
0,6739091865,460920
0,6741386309,462300
0,6743680730,463680
0,6745975168,465060
0,6748269570,466440
0,6750564014,467820
0,6752858448,469200
0,6755152852,470580
0,6757447296,471960
0,6759741732,473340
0,6762036132,474720
0,6764330556,476100
0,6766625000,477480
0,6768919436,478860
0,6771213837,480240
0,6773508282,481620
0,6775802718,483000
0,6778097120,484380
0,6780391564,485760
0,6782686001,487140
0,6784980422,488520
0,6787274826,489900
0,6789569270,491280
0,6791863705,492660
0,6794158105,494040
0,6796452550,495420
0,6798746986,496800
0,6801041387,498180
0,6803335812,499560
0,6805630256,500940
0,6807924691,502320
0,6810219094,503700
0,6812513538,505080
0,6814807973,506460
0,6817102374,507840
0,6819396818,509220
0,6821691256,510600
0,6823985678,511980
0,6826280079,513360
0,6828574524,514740
0,6830868960,516120
0,6833163361,517500
0,6835457805,518880
0,6837752243,520260
0,6840046644,521640
0,6842341066,523020
0,6844635510,524400
0,6846929946,525780
0,6849224349,527160
0,6851518793,528540
0,6853813228,529920
0,6856107629,531300
0,6858402074,532680
0,6860696511,534060
0,6862990934,535440
0,6865285334,536820
0,6867579779,538200
0,6869874215,539580
0,6872168617,540960
0,6874463060,542340
0,6876757498,543720
0,6879051898,545100
0,6881346321,546480
0,6883640765,547860
0,6885935202,549240
0,6888229603,550620
0,6890524046,552000
0,6892818483,553380
0,6895112885,554760
0,6897407328,556140
0,6899701766,557520
0,6901996190,558900
0,6904290589,560280
0,6906585033,561660
0,6908879472,563040
0,6911173872,564420
0,6913468316,565800
0,7028984405,567180
0,7228985493,568560
0,7266397127,569940
0,7268691547,571320
0,7270985985,572700
0,7273280388,574080
0,7275574831,575460
0,7277869268,576840
0,7280163671,578220
0,7282458113,579600
0,7284752550,580980
0,7287046952,582360
0,7289341376,583740
0,7291635821,585120
0,7293930257,586500
0,7296224656,587880
0,7298519102,589260
0,7300813539,590640
0,7303107940,592020
0,7305402385,593400
0,7307696822,594780
0,7309991243,596160
0,7312285647,597540
0,7314580090,598920
0,7316874528,600300
0,7319168930,601680
0,7321463372,603060
0,7323757810,604440
0,7326052212,605820
0,7328346634,607200
0,7330641078,608580
0,7332935515,609960
0,7335229916,611340
0,7337524361,612720
0,7339818798,614100
0,7342113201,615480
0,7344407645,616860
0,7346702081,618240
0,7348996505,619620
0,7351290907,621000
0,7353585351,622380
0,7355879788,623760
0,7358174189,625140
0,7360468633,626520
0,7362763070,627900
0,7365057471,629280
0,7367351895,630660
0,7369646340,632040
0,7371940774,633420
0,7374235178,634800
0,7376529623,636180
0,7378824058,637560
0,7381118461,638940
0,7383412904,640320
0,7385707343,641700
0,7388001765,643080
0,7390296166,644460
0,7392590611,645840
0,7394885048,647220
0,7397179449,648600
0,7399473892,649980
0,7401768329,651360
0,7404062731,652740
0,7406357155,654120
0,7408651601,655500
0,7410946037,656880
0,7413240438,658260
0,7415534882,659640
0,7417829320,661020
0,7420123721,662400
0,7422418165,663780
0,7424712603,665160
0,7427007024,666540
0,7429301426,667920
0,7431595870,669300
0,7433890308,670680
0,7436184710,672060
0,7438479152,673440
0,7440773589,674820
0,7443067992,676200
0,7445362415,677580
0,7447656860,678960
0,7449951296,680340
0,7452245698,681720
0,7454540144,683100
0,7456834579,684480
0,7459128982,685860
0,7461423426,687240
0,7463717862,688620
0,7466012285,690000
0,7468306687,691380
0,7470601131,692760
0,7472895568,694140
0,7475189969,695520
0,7477484414,696900
0,7479778851,698280
0,7482073252,699660
0,7484367676,701040
0,7486662122,702420
0,7488956556,703800
0,7491250958,705180
0,7493545404,706560
0,7495839839,707940
0,7498134242,709320
0,7500428687,710700
0,7502723123,712080
0,7505017526,713460
0,7507311948,714840
0,7509606392,716220
0,7511900830,717600
0,7514195231,718980
0,7516489674,720360
0,7518784113,721740
0,7521078513,723120
0,7523372937,724500
0,7525667380,725880
0,7527961819,727260
0,7530256221,728640
0,7532550665,730020
0,7534845102,731400
0,7537139505,732780
0,7539433947,734160
0,7541728384,735540
0,7544022787,736920
0,7546317210,738300
0,7548611654,739680
0,7550906092,741060
0,7553200493,742440
0,7555494937,743820
0,7557789375,745200
0,7560083776,746580
0,7562378199,747960
0,7564672642,749340
0,7566967080,750720
0,7569261484,752100
0,7571555928,753480
0,7573850364,754860
0,7576144766,756240
0,7578439210,757620
0,7580733647,759000
0,7583028049,760380
0,7585322472,761760
0,7587616917,763140
0,7589911354,764520
0,7592205755,765900
0,7594500199,767280
0,7596794636,768660
0,7599089039,770040
0,7601383462,771420
0,7603677902,772800
0,7605972344,774180
0,7608266745,775560
0,7611785215,386400
0,9386935425,1380
0,9526602409,2760
0,9528896846,4140
0,9531191249,5520
0,9533485693,6900
0,9535780132,8280
0,9538074536,9660
0,9540368961,11040
0,9542663403,12420
0,9544957843,13800
0,9547252245,15180
0,9549546692,16560
0,9551841128,17940
0,9554135533,19320
0,9556429979,20700
0,9558724401,22080
0,9561018817,23460
0,9563313241,24840
0,9565607688,26220
0,9567902127,27600
0,9570196530,28980
0,9572490975,30360
0,9574785413,31740
0,9577079815,33120
0,9579374240,34500
0,9581668684,35880
0,9583963124,37260
0,9586257526,38640
0,9588551971,40020
0,9590846410,41400
0,9593140813,42780
0,9595435258,44160
0,9597729680,45540
0,9600024099,46920
0,9602318523,48300
0,9604612968,49680
0,9606907406,51060
0,9609201810,52440
0,9611496256,53820
0,9613790692,55200
0,9616085095,56580
0,9618379519,57960
0,9620673962,59340
0,9622968401,60720
0,9625262805,62100
0,9627557251,63480
0,9629851688,64860
0,9632146092,66240
0,9634440535,67620
0,9636734976,69000
0,9639029377,70380
0,9641323803,71760
0,9643618247,73140
0,9645912685,74520
0,9648207088,75900
0,9650501534,77280
0,9652795973,78660
0,9655090374,80040
0,9657384799,81420
0,9659679242,82800
0,9661973684,84180
0,9664268087,85560
0,9666562531,86940
0,9668856970,88320
0,9671151372,89700
0,9673445818,91080
0,9675740257,92460
0,9678034658,93840
0,9680329084,95220
0,9682623529,96600
0,9684917966,97980
0,9687212369,99360
0,9689506815,100740
0,9691801253,102120
0,9694095657,103500
0,9696390080,104880
0,9698684525,106260
0,9700978965,107640
0,9703273367,109020
0,9705567813,110400
0,9707862250,111780
0,9710156653,113160
0,9712451099,114540
0,9714745538,115920
0,9717039941,117300
0,9719334365,118680
0,9721628813,120060
0,9723923248,121440
0,9726217652,122820
0,9728512097,124200
0,9730806535,125580
0,9733100939,126960
0,9735395362,128340
0,9737689806,129720
0,9739984245,131100
0,9742278649,132480
0,9744573095,133860
0,9746867533,135240
0,9749161936,136620
0,9751456380,138000
0,9753750820,139380
0,9756045221,140760
0,9758339646,142140
0,9760634093,143520
0,9762928529,144900
0,9765222932,146280
0,9767517377,147660
0,9769811815,149040
0,9772106219,150420
0,9774400643,151800
0,9776695089,153180
0,9778989527,154560
0,9781283930,155940
0,9783578376,157320
0,9785872814,158700
0,9788167218,160080
0,9790461661,161460
0,9792756101,162840
0,9795050502,164220
0,9797344928,165600
0,9799639374,166980
0,9801933811,168360
0,9804228215,169740
0,9806522661,171120
0,9808817098,172500
0,9811111502,173880
0,9813405925,175260
0,9815700370,176640
0,9817994809,178020
0,9820289212,179400
0,9822583658,180780
0,9824878096,182160
0,9827172499,183540
0,9829466947,184920
0,9831761384,186300
0,9834055785,187680
0,9836350211,189060
0,9838644655,190440
0,9840939094,191820
0,9843233497,193200
0,9843233497,193209
0,9845527943,193218
0,9847822380,193227
0,9850116785,193236
0,9852411208,193245
0,9854705654,193254
0,9857000071,193263
0,9859294495,193272
0,9861588941,193281
0,10468089847,193290
0,10470384271,193299
0,10472678717,193308
0,10474973158,193317
0,10477267559,193326
0,10479562005,193335
0,10481856444,193344
0,10484150850,193353
0,10486445294,193362
0,10488739717,193371
0,10491034135,193380
0,10493328561,193389
0,10495623009,193398
0,10497917445,193407
0,10500211848,193416
0,10502506294,193425
0,10504800733,193434
0,10507095136,193443
0,10509389562,193452
0,10511684004,193461
0,10513978444,193470
0,10516272849,193479
0,10518567295,193488
0,10520861734,193497
0,10523156137,193506
0,10525450581,193515
0,10527745006,193524
0,10530039423,193533
0,10532333848,193542
0,10534628296,193551
0,10536922733,193560
0,10539217134,193569
0,10541511582,193578
0,10543806021,193587
0,10546100426,193596
0,10548394850,193605
0,10550689292,193614
0,10552983733,193623
0,10555278138,193632
0,10557572584,193641
0,10559867021,193650
0,10562161425,193659
0,10564455870,193668
0,10566750310,193677
0,10569044711,193686
0,10571339138,193695
0,10573633586,193704
0,10575928024,193713
0,10578222425,193722
0,10580516872,193731
0,10582811311,193740
0,10585105715,193749
0,10587400139,193758
0,10589694582,193767
0,10591989022,193776
0,10594283427,193785
0,10596577874,193794
0,10598872311,193803
0,10601166715,193812
0,10603461159,193821
0,10605755600,193830
0,10608050003,193839
0,10610344428,193848
0,10612638870,193857
0,10614933312,193866
0,10617227714,193875
0,10619522161,193884
0,10621816599,193893
0,10624111002,193902
0,10626405427,193911
0,11129669614,193920
0,11131964080,193929
0,11134258532,193938
0,11136553023,193947
0,11138847464,193956
0,11141141916,193965
0,11143436402,193974
0,11145730834,193983
0,11148025298,193992
0,11150319749,194001
0,11152614217,194010
0,11154908684,194019
0,11157203136,194028
0,11159497620,194037
0,11161792065,194046
0,11164086515,194055
0,11166380981,194064
0,11168675431,194073
0,11170969900,194082
0,11173264346,194091
0,11175558836,194100
0,11177853282,194109
0,11180147735,194118
0,11182442222,194127
0,11184736647,194136
0,11187031113,194145
0,11189325564,194154
0,11191620032,194163
0,11193914497,194172
0,11196208950,194181
0,11198503436,194190
0,11200797878,194199
0,11203092332,194208
0,11205386798,194217
0,11207681249,194226
0,11209975715,194235
0,11212270163,194244
0,11214564652,194253
0,11216859100,194262
0,11219153551,194271
0,11221448036,194280
0,11223742466,194289
0,11226036931,194298
0,11228331398,194307
0,11230625850,194316
0,11232920316,194325
0,11235214770,194334
0,11237509256,194343
0,11239803698,194352
0,11242098152,194361
0,11244392618,194370
0,11246687069,194379
0,11248981534,194388
0,11251275982,194397
0,11253570473,194406
0,11255864918,194415
0,11258159370,194424
0,11260453856,194433
0,11262748284,194442
0,11265042749,194451
0,11267337219,194460
0,11269631669,194469
0,11271926136,194478
0,11274220584,194487
0,11276515072,194496
0,11278809518,194505
0,11281103969,194514
0,11283398434,194523
0,11285692884,194532
0,11287987351,194541
0,11791258380,194550
0,11793552894,194559
0,11795847388,194568
0,11798141885,194577
0,11800436354,194586
0,11802730853,194595
0,11805025359,194604
0,11807319818,194613
0,11809614333,194622
0,11811908825,194631
0,11814203298,194640
0,11816497813,194649
0,11818792308,194658
0,11821086797,194667
0,11823381270,194676
0,11825675767,194685
0,11827970275,194694
0,11830264733,194703
0,11832559249,194712
0,11834853736,194721
0,11837148233,194730
0,11839442727,194739
0,11841737206,194748
0,11844031715,194757
0,11846326166,194766
0,11848620684,194775
0,11850915175,194784
0,11853209649,194793
0,11855504163,194802
0,11857798656,194811
0,11860093149,194820
0,11862387619,194829
0,11864682119,194838
0,11866976627,194847
0,11869271085,194856
0,11871565599,194865
0,11873860089,194874
0,11876154585,194883
0,11878449081,194892
0,11880743556,194901
0,11883038064,194910
0,11885332522,194919
0,11887627033,194928
0,11889921543,194937
0,11892216001,194946
0,11894510516,194955
0,11896805012,194964
0,11899099504,194973
0,11901393972,194982
0,11903688475,194991
0,11905982983,195000
0,11908277440,195009
0,11910571954,195018
0,11912866445,195027
0,11915160942,195036
0,11917455435,195045
0,11919749912,195054
0,11922044420,195063
0,11924338875,195072
0,11926633388,195081
0,11928927901,195090
0,11931222356,195099
0,11933516874,195108
0,11935811363,195117
0,11938105855,195126
0,11940400327,195135
0,11942694826,195144
0,11944989312,195153
0,11947283792,195162
0,11949578307,195171
0,12452856291,195180
0,12455150812,195189
0,12457445333,195198
0,12459739878,195207
0,12462034368,195216
0,12464328794,195225
0,12466623240,195234
0,12468917682,195243
0,12471212085,195252
0,12473506532,195261
0,12475800970,195270
0,12478095373,195279
0,12480389802,195288
0,12482684246,195297
0,12484978688,195306
0,12487273093,195315
0,12489567538,195324
0,12491861978,195333
0,12494156383,195342
0,12496450808,195351
0,12498745253,195360
0,12501039673,195369
0,12503334100,195378
0,12505628547,195387
0,12507922987,195396
0,12510217391,195405
0,12512511839,195414
0,12514806279,195423
0,12517100682,195432
0,12519395109,195441
0,12521689554,195450
0,12523983973,195459
0,12526278399,195468
0,12528572845,195477
0,12530867286,195486
0,12533161690,195495
0,12535456137,195504
0,12537750562,195513
0,12540044981,195522
0,12542339407,195531
0,12544633852,195540
0,12546928295,195549
0,12549222699,195558
0,12551517147,195567
0,12553811585,195576
0,12556105989,195585
0,12558400417,195594
0,12560694862,195603
0,12562989280,195612
0,12565283707,195621
0,12567578153,195630
0,12569872595,195639
0,12572166998,195648
0,12574461444,195657
0,12576755870,195666
0,12579050288,195675
0,12581344714,195684
0,12583639161,195693
0,12585933602,195702
0,12588228006,195711
0,12590522454,195720
0,12592816894,195729
0,12595111298,195738
0,12597405724,195747
0,12599700167,195756
0,12601994589,195765
0,12604289013,195774
0,12606583461,195783
0,12608877901,195792
0,12611172305,195801
0,12812318164,195810
0,13114463413,195819
0,13116757961,195828
0,13119052504,195837
0,13121347077,195846
0,13123641615,195855
0,13125936085,195864
0,13128230536,195873
0,13130525028,195882
0,13132819473,195891
0,13135113928,195900
0,13137408394,195909
0,13139702844,195918
0,13141997294,195927
0,13144291767,195936
0,13146586258,195945
0,13148880706,195954
0,13151175157,195963
0,13153469647,195972
0,13155764079,195981
0,13158058524,195990
0,13160353000,195999
0,13162647468,196008
0,13164941937,196017
0,13167236390,196026
0,13169530879,196035
0,13171825325,196044
0,13174119779,196053
0,13176414249,196062
0,13178708698,196071
0,13181003147,196080
0,13183297621,196089
0,13185592090,196098
0,13187886558,196107
0,13190181011,196116
0,13192475501,196125
0,13194769931,196134
0,13197064401,196143
0,13199358855,196152
0,13201653321,196161
0,13203947791,196170
0,13206242243,196179
0,13208536733,196188
0,13210831183,196197
0,13213125635,196206
0,13215420101,196215
0,13217714554,196224
0,13220009003,196233
0,13222303478,196242
0,13224597946,196251
0,13226892413,196260
0,13229186867,196269
0,13231481356,196278
0,13233775788,196287
0,13236070256,196296
0,13238364711,196305
0,13240659177,196314
0,13242953645,196323
0,13245248101,196332
0,13247542589,196341
0,13249837036,196350
0,13252131489,196359
0,13254425957,196368
0,13256720408,196377
0,13259014859,196386
0,13261309330,196395
0,13263603802,196404
0,13265898267,196413
0,13268192722,196422
0,13270487211,196431
0,13272781642,196440
0,13672781777,196449
0,13776079843,196458
0,13778374417,196467
0,13780669009,196476
0,13782963626,196485
0,13785258170,196494
0,13787552690,196503
0,13789847185,196512
0,13792141684,196521
0,13794436157,196530
0,13796730659,196539
0,13799025147,196548
0,13801319626,196557
0,13803614125,196566
0,13805908642,196575
0,13808203140,196584
0,13810497638,196593
0,13812792116,196602
0,13815086536,196611
0,13817380962,196620
0,13819675410,196629
0,13821969850,196638
0,13824264257,196647
0,13826558703,196656
0,13828853146,196665
0,13831147550,196674
0,13833441975,196683
0,13835736423,196692
0,13838030841,196701
0,13840325269,196710
0,13842619716,196719
0,13844914158,196728
0,13847208562,196737
0,13849503011,196746
0,13851797434,196755
0,13854091858,196764
0,13856386282,196773
0,13858680728,196782
0,13860975149,196791
0,13863269575,196800
0,13865564024,196809
0,13867858464,196818
0,13870152869,196827
0,13872447294,196836
0,13874741740,196845
0,13877036162,196854
0,13879330588,196863
0,13881625034,196872
0,13883919475,196881
0,13886213881,196890
0,13888508328,196899
0,13890802771,196908
0,13893097175,196917
0,13895391600,196926
0,13897686048,196935
0,13899980466,196944
0,13902274894,196953
0,13904569342,196962
0,13906863782,196971
0,13909158187,196980
0,13911452613,196989
0,13913747061,196998
0,13916041482,197007
0,13918335908,197016
0,13920630354,197025
0,13922924796,197034
0,13925219201,197043
0,13927513650,197052
0,13929808091,197061
0,13932102496,197070
0,13934396921,197079
0,14135542820,197088
0,14436558495,197097
0,14438853112,197106
0,14441147712,197115
0,14443442357,197124
0,14445736950,197133
0,14448031495,197142
0,14450326016,197151
0,14452620565,197160
0,14454915081,197169
0,14457209591,197178
0,14459504130,197187
0,14461798635,197196
0,14464093156,197205
0,14466387703,197214
0,14468682250,197223
0,14470976772,197232
0,14473271277,197241
0,14475565747,197250
0,14477860216,197259
0,14480154673,197268
0,14482449141,197277
0,14484743597,197286
0,14487038066,197295
0,14489332536,197304
0,14491626989,197313
0,14493921461,197322
0,14496215915,197331
0,14498510382,197340
0,14500804838,197349
0,14503099308,197358
0,14505393778,197367
0,14507688231,197376
0,14509982703,197385
0,14512277154,197394
0,14514571629,197403
0,14516866096,197412
0,14519160550,197421
0,14521454999,197430
0,14523749475,197439
0,14526043944,197448
0,14528338415,197457
0,14530632868,197466
0,14532927339,197475
0,14535221791,197484
0,14537516262,197493
0,14539810716,197502
0,14542105185,197511
0,14544399654,197520
0,14546694111,197529
0,14548988579,197538
0,14551283052,197547
0,14553577504,197556
0,14555871974,197565
0,14558166430,197574
0,14560460876,197583
0,14562755353,197592
0,14565049825,197601
0,14567344292,197610
0,14569638746,197619
0,14571933217,197628
0,14574227672,197637
0,14576522142,197646
0,14578816613,197655
0,14581111065,197664
0,14583405533,197673
0,14585699989,197682
0,14587994462,197691
0,14590288932,197700
0,14592583385,197709
0,14594877855,197718
0,14796023723,197727
0,14996025302,197736
0,15098193860,197745
0,15100488526,197754
0,15102783153,197763
0,15105077824,197772
0,15107372446,197781
0,15109667038,197790
0,15111961605,197799
0,15114256161,197808
0,15116550728,197817
0,15118845282,197826
0,15121139828,197835
0,15123434362,197844
0,15125728932,197853
0,15128023502,197862
0,15130318079,197871
0,15132612649,197880
0,15134907199,197889
0,15137201676,197898
0,15139496196,197907
0,15141790681,197916
0,15144085172,197925
0,15146379656,197934
0,15148674175,197943
0,15150968666,197952
0,15153263149,197961
0,15155557672,197970
0,15157852168,197979
0,15160146644,197988
0,15162441071,197997
0,15164735518,198006
0,15167029940,198015
0,15169324367,198024
0,15171618814,198033
0,15173913257,198042
0,15176207661,198051
0,15178502111,198060
0,15180796536,198069
0,15183090958,198078
0,15185385385,198087
0,15187679833,198096
0,15189974251,198105
0,15192268681,198114
0,15194563128,198123
0,15196857569,198132
0,15199151975,198141
0,15201446401,198150
0,15203740851,198159
0,15206035271,198168
0,15208329696,198177
0,15210624144,198186
0,15212918588,198195
0,15215212994,198204
0,15217507441,198213
0,15219801866,198222
0,15222096288,198231
0,15224390716,198240
0,15226685164,198249
0,15228979582,198258
0,15231274011,198267
0,15233568458,198276
0,15235862903,198285
0,15238157307,198294
0,15240451733,198303
0,15242746181,198312
0,15245040604,198321
0,15247335030,198330
0,15249629476,198339
0,15251923920,198348
0,15254218325,198357
0,15256512774,198366
0,15456517106,198375
0,15758691652,198384
0,15760986341,198393
0,15763280999,198402
0,15765575720,198411
0,15767870385,198420
0,15770164986,198429
0,15772459582,198438
0,15774754190,198447
0,15777048779,198456
0,15779343360,198465
0,15781637956,198474
0,15783932537,198483
0,15786227115,198492
0,15788521734,198501
0,15790816340,198510
0,15793110935,198519
0,15795405514,198528
0,15797700039,198537
0,15799994584,198546
0,15802289098,198555
0,15804583641,198564
0,15806878167,198573
0,15809172694,198582
0,15811467215,198591
0,15813761747,198600
0,15816056293,198609
0,15818350819,198618
0,15820645344,198627
0,15822939816,198636
0,15825234270,198645
0,15827528743,198654
0,15829823199,198663
0,15832117670,198672
0,15834412141,198681
0,15836706597,198690
0,15839001068,198699
0,15841295522,198708
0,15843589995,198717
0,15845884466,198726
0,15848178923,198735
0,15850473370,198744
0,15852767848,198753
0,15855062322,198762
0,15857356790,198771
0,15859651248,198780
0,15861945716,198789
0,15864240175,198798
0,15866534646,198807
0,15868829099,198816
0,15871123571,198825
0,15873418046,198834
0,15875712500,198843
0,15878006971,198852
0,15880301426,198861
0,15882595896,198870
0,15884890369,198879
0,15887184825,198888
0,15889479272,198897
0,15891773752,198906
0,15894068222,198915
0,15896362697,198924
0,15898657149,198933
0,15900951621,198942
0,15903246080,198951
0,15905540550,198960
0,15907835023,198969
0,15910129475,198978
0,15912423949,198987
0,15914718403,198996
0,15917012876,199005
0,16117020146,199014
0,16318166061,199023
0,16420346362,199032
0,16422641100,199041
0,16424935804,199050
0,16427230534,199059
0,16429525249,199068
0,16431819878,199077
0,16434114500,199086
0,16436409138,199095
0,16438703776,199104
0,16440998379,199113
0,16443293006,199122
0,16445587636,199131
0,16447882260,199140
0,16450176888,199149
0,16452471522,199158
0,16454766168,199167
0,16457060772,199176
0,16459355326,199185
0,16461649921,199194
0,16463944480,199203
0,16466239032,199212
0,16468533608,199221
0,16470828164,199230
0,16473122710,199239
0,16475417270,199248
0,16477711867,199257
0,16480006418,199266
0,16482300971,199275
0,16484595494,199284
0,16486889992,199293
0,16489184474,199302
0,16491478960,199311
0,16493773481,199320
0,16496067977,199329
0,16498362463,199338
0,16500656982,199347
0,16502951482,199356
0,16505245963,199365
0,16507540486,199374
0,16509834912,199383
0,16512129334,199392
0,16514423762,199401
0,16516718209,199410
0,16519012631,199419
0,16521307060,199428
0,16523601506,199437
0,16525895951,199446
0,16528190358,199455
0,16530484784,199464
0,16532779232,199473
0,16535073655,199482
0,16537368082,199491
0,16539662531,199500
0,16541956952,199509
0,16544251381,199518
0,16546545828,199527
0,16548840255,199536
0,16551134678,199545
0,16553429106,199554
0,16555723554,199563
0,16558017975,199572
0,16560312402,199581
0,16562606851,199590
0,16564901294,199599
0,16567195700,199608
0,16569490127,199617
0,16571784575,199626
0,16574078998,199635
0,16576373426,199644
0,16578667872,199653
0,16777532973,199662
0,16978678896,199671
0,17080863722,199680
0,17083158469,199689
0,17085453203,199698
0,17087747982,199707
0,17090042722,199716
0,17092337381,199725
0,17094632053,199734
0,17096926738,199743
0,17099221384,199752
0,17101516016,199761
0,17103810693,199770
0,17106105349,199779
0,17108400002,199788
0,17110694681,199797
0,17112989336,199806
0,17115284013,199815
0,17117578669,199824
0,17119873269,199833
0,17122167873,199842
0,17124462462,199851
0,17126757063,199860
0,17129051664,199869
0,17131346250,199878
0,17133640845,199887
0,17135935450,199896
0,17138230056,199905
0,17140524658,199914
0,17142819241,199923
0,17145113789,199932
0,17147408316,199941
0,17149702847,199950
0,17151997358,199959
0,17154291908,199968
0,17156586456,199977
0,17158880986,199986
0,17161175515,199995
0,17163470046,200004
0,17165764576,200013
0,17168059123,200022
0,17170353580,200031
0,17172648052,200040
0,17174942526,200049
0,17177236983,200058
0,17179531455,200067
0,17181825914,200076
0,17184120383,200085
0,17186414859,200094
0,17188709316,200103
0,17191003766,200112
0,17193298244,200121
0,17195592716,200130
0,17197887191,200139
0,17200181648,200148
0,17202476099,200157
0,17204770580,200166
0,17207065049,200175
0,17209359507,200184
0,17211653980,200193
0,17213948454,200202
0,17216242911,200211
0,17218537383,200220
0,17220831839,200229
0,17223126313,200238
0,17225420785,200247
0,17227715242,200256
0,17230009693,200265
0,17232304171,200274
0,17234598646,200283
0,17236893118,200292
0,17239187574,200301
0,17438055661,200310
0,17639201592,200319
0,17741390975,200328
0,17743685773,200337
0,17745980530,200346
0,17748275341,200355
0,17750570130,200364
0,17752864837,200373
0,17755159516,200382
0,17757454232,200391
0,17759748930,200400
0,17762043584,200409
0,17764338292,200418
0,17766632998,200427
0,17768927696,200436
0,17771222387,200445
0,17773517071,200454
0,17775811799,200463
0,17778106479,200472
0,17780401109,200481
0,17782695764,200490
0,17784990377,200499
0,17787285009,200508
0,17789579661,200517
0,17791874292,200526
0,17794168896,200535
0,17796463532,200544
0,17798758188,200553
0,17801052816,200562
0,17803347429,200571
0,17805642029,200580
0,17807936601,200589
0,17810231141,200598
0,17812525682,200607
0,17814820282,200616
0,17817114855,200625
0,17819409418,200634
0,17821703996,200643
0,17823998550,200652
0,17826293113,200661
0,17828587709,200670
0,17830882213,200679
0,17833176695,200688
0,17835471197,200697
0,17837765706,200706
0,17840060203,200715
0,17842354693,200724
0,17844649213,200733
0,17846943734,200742
0,17849238200,200751
0,17851532649,200760
0,17853827078,200769
0,17856121500,200778
0,17858415927,200787
0,17860710377,200796
0,17863004800,200805
0,17865299227,200814
0,17867593677,200823
0,17869888120,200832
0,17872182528,200841
0,17874476956,200850
0,17876771405,200859
0,17879065828,200868
0,17881360256,200877
0,17883654705,200886
0,17885949127,200895
0,17888243556,200904
0,17890538005,200913
0,17892832433,200922
0,17895126857,200931
0,17897421285,200940
0,17899715734,200949
0,17902010156,200958
0,18099735554,200967
0,18401928280,200976
0,18404223086,200985
0,18406517875,200994
0,18408812737,201003
0,18411107551,201012
0,18413402288,201021
0,18415697017,201030
0,18417991760,201039
0,18420286489,201048
0,18422581193,201057
0,18424875948,201066
0,18427170662,201075
0,18429465391,201084
0,18431760135,201093
0,18434054844,201102
0,18436349602,201111
0,18438644332,201120
0,18440939008,201129
0,18443233673,201138
0,18445528317,201147
0,18447822999,201156
0,18450117677,201165
0,18452412338,201174
0,18454706994,201183
0,18457001655,201192
0,18459296342,201201
0,18461591023,201210
0,18463885679,201219
0,18466180289,201228
0,18468474894,201237
0,18470769482,201246
0,18473064049,201255
0,18475358680,201264
0,18477653304,201273
0,18479947892,201282
0,18482242499,201291
0,18484537085,201300
0,18486831700,201309
0,18489126322,201318
0,18491420855,201327
0,18493715389,201336
0,18496009916,201345
0,18498304456,201354
0,18500599005,201363
0,18502893539,201372
0,18505188070,201381
0,18507482619,201390
0,18509777137,201399
0,18512071614,201408
0,18514366072,201417
0,18516660546,201426
0,18518954996,201435
0,18521249478,201444
0,18523543955,201453
0,18525838410,201462
0,18528132885,201471
0,18530427358,201480
0,18532721817,201489
0,18535016271,201498
0,18537310751,201507
0,18539605224,201516
0,18541899697,201525
0,18544194155,201534
0,18546488609,201543
0,18548783088,201552
0,18551077564,201561
0,18553372021,201570
0,18555666496,201579
0,18557960950,201588
0,18560255431,201597
0,18562549904,201606
0,18760278313,201615
0,18961424267,201624
0,19063622918,201633
0,19065917770,201642
0,19068212570,201651
0,19070507462,201660
0,19072802326,201669
0,19075097091,201678
0,19077391848,201687
0,19079686644,201696
0,19081981398,201705
0,19084276132,201714
0,19086570940,201723
0,19088865686,201732
0,19091160438,201741
0,19093455214,201750
0,19095749974,201759
0,19098044759,201768
0,19100339519,201777
0,19102634247,201786
0,19104928959,201795
0,19107223611,201804
0,19109518325,201813
0,19111813054,201822
0,19114107738,201831
0,19116402427,201840
0,19118697140,201849
0,19120991850,201858
0,19123286564,201867
0,19125581271,201876
0,19127875911,201885
0,19130170542,201894
0,19132465162,201903
0,19134759780,201912
0,19137054436,201921
0,19139349092,201930
0,19141643731,201939
0,19143938363,201948
0,19146232981,201957
0,19148527626,201966
0,19150822300,201975
0,19153116860,201984
0,19155411423,201993
0,19157706002,202002
0,19160000568,202011
0,19162295147,202020
0,19164589734,202029
0,19166884295,202038
0,19169178871,202047
0,19171473419,202056
0,19173767948,202065
0,19176062430,202074
0,19178356936,202083
0,19180651438,202092
0,19182945946,202101
0,19185240453,202110
0,19187534938,202119
0,19189829467,202128
0,19192123964,202137
0,19194418393,202146
0,19196712841,202155
0,19199007265,202164
0,19201301694,202173
0,19203596144,202182
0,19205890590,202191
0,19208184996,202200
0,19210479425,202209
0,19212773875,202218
0,19215068299,202227
0,19217362729,202236
0,19219657177,202245
0,19221951599,202254
0,19224246032,202263
0,19420831268,202272
0,19621977225,202281
0,19724180570,202290
0,19726475456,202299
0,19728770307,202308
0,19731065224,202317
0,19733360120,202326
0,19735654936,202335
0,19737949720,202344
0,19740244548,202353
0,19742539333,202362
0,19744834119,202371
0,19747128951,202380
0,19749423730,202389
0,19751718533,202398
0,19754013336,202407
0,19756308127,202416
0,19758602965,202425
0,19760897754,202434
0,19763192509,202443
0,19765487252,202452
0,19767781956,202461
0,19770076695,202470
0,19772371456,202479
0,19774666192,202488
0,19776960905,202497
0,19779255650,202506
0,19781550392,202515
0,19783845158,202524
0,19786139891,202533
0,19788434562,202542
0,19790729245,202551
0,19793023891,202560
0,19795318541,202569
0,19797613248,202578
0,19799907950,202587
0,19802202599,202596
0,19804497264,202605
0,19806791934,202614
0,19809086604,202623
0,19811381308,202632
0,19813675921,202641
0,19815970510,202650
0,19818265121,202659
0,19820559739,202668
0,19822854350,202677
0,19825148961,202686
0,19827443555,202695
0,19829738183,202704
0,19832032756,202713
0,19834327317,202722
0,19836621850,202731
0,19838916404,202740
0,19841210916,202749
0,19843505455,202758
0,19845800015,202767
0,19848094524,202776
0,19850389084,202785
0,19852683634,202794
0,19854978087,202803
0,19857272567,202812
0,19859567043,202821
0,19861861502,202830
0,19864155980,202839
0,19866450455,202848
0,19868744915,202857
0,19871039369,202866
0,19873333851,202875
0,19875628326,202884
0,19877922804,202893
0,19880217261,202902
0,19882511715,202911
0,19884806200,202920
0,20081394494,202929
0,20282540468,202938
0,20384748569,202947
0,20387043481,202956
0,20389338364,202965
0,20391633333,202974
0,20393928276,202983
0,20396223104,202992
0,20398517918,203001
0,20400812798,203010
0,20403107610,203019
0,20405402427,203028
0,20407697314,203037
0,20409992116,203046
0,20412286952,203055
0,20414581807,203064
0,20416876630,203073
0,20419171494,203082
0,20421466314,203091
0,20423761121,203100
0,20426055890,203109
0,20428350627,203118
0,20430645419,203127
0,20432940203,203136
0,20435234972,203145
0,20437529717,203154
0,20439824514,203163
0,20442119283,203172
0,20444414080,203181
0,20446708866,203190
0,20449003562,203199
0,20451298277,203208
0,20453592976,203217
0,20455887657,203226
0,20458182390,203235
0,20460477123,203244
0,20462771827,203253
0,20465066517,203262
0,20467361218,203271
0,20469655940,203280
0,20471950670,203289
0,20474245316,203298
0,20476539936,203307
0,20478834599,203316
0,20481129243,203325
0,20483423885,203334
0,20485718549,203343
0,20488013170,203352
0,20490307829,203361
0,20492602455,203370
0,20494897046,203379
0,20497191607,203388
0,20499486191,203397
0,20501780756,203406
0,20504075321,203415
0,20506369912,203424
0,20508664474,203433
0,20510959059,203442
0,20513253641,203451
0,20515548126,203460
0,20517842658,203469
0,20520137160,203478
0,20522431651,203487
0,20524726180,203496
0,20527020682,203505
0,20529315173,203514
0,20531609681,203523
0,20533904109,203532
0,20536198533,203541
0,20538492963,203550
0,20540787414,203559
0,20543081840,203568
0,20545376268,203577
0,20547670719,203586
0,20743115328,203595
0,21045326989,203604
0,21047621954,203613
0,21049916867,203622
0,21052211864,203631
0,21054506839,203640
0,21056801720,203649
0,21059096560,203658
0,21061391471,203667
0,21063686337,203676
0,21065981181,203685
0,21068276099,203694
0,21070570933,203703
0,21072865821,203712
0,21075160704,203721
0,21077455557,203730
0,21079750475,203739
0,21082045323,203748
0,21084340161,203757
0,21086634983,203766
0,21088929744,203775
0,21091224569,203784
0,21093519383,203793
0,21095814205,203802
0,21098108978,203811
0,21100403807,203820
0,21102698627,203829
0,21104993452,203838
0,21107288270,203847
0,21109583019,203856
0,21111877765,203865
0,21114172491,203874
0,21116467205,203883
0,21118761990,203892
0,21121056750,203901
0,21123351485,203910
0,21125646228,203919
0,21127940955,203928
0,21130235709,203937
0,21132530471,203946
0,21134825171,203955
0,21137119818,203964
0,21139414512,203973
0,21141709208,203982
0,21144003876,203991
0,21146298573,204000
0,21148593247,204009
0,21150887938,204018
0,21153182591,204027
0,21155477213,204036
0,21157771827,204045
0,21160066437,204054
0,21162361034,204063
0,21164655653,204072
0,21166950268,204081
0,21169244864,204090
0,21171539479,204099
0,21173834116,204108
0,21176128626,204117
0,21178423190,204126
0,21180717746,204135
0,21183012265,204144
0,21185306824,204153
0,21187601379,204162
0,21189895902,204171
0,21192190438,204180
0,21194484896,204189
0,21196779373,204198
0,21199073830,204207
0,21201368313,204216
0,21203662792,204225
0,21205957246,204234
0,21208251729,204243
0,21403699468,204252
0,21604845460,204261
0,21707063168,204270
0,21709358165,204279
0,21711653131,204288
0,21713948153,204297
0,21716243163,204306
0,21718538073,204315
0,21720832968,204324
0,21723127907,204333
0,21725422805,204342
0,21727717701,204351
0,21730012647,204360
0,21732307512,204369
0,21734602454,204378
0,21736897369,204387
0,21739192250,204396
0,21741487200,204405
0,21743782100,204414
0,21746076965,204423
0,21748371819,204432
0,21750666634,204441
0,21752961486,204450
0,21755256331,204459
0,21757551186,204468
0,21759846011,204477
0,21762140868,204486
0,21764435721,204495
0,21766730597,204504
0,21769025442,204513
0,21771320224,204522
0,21773615023,204531
0,21775909783,204540
0,21778204523,204549
0,21780499339,204558
0,21782794155,204567
0,21785088914,204576
0,21787383691,204585
0,21789678471,204594
0,21791973249,204603
0,21794268045,204612
0,21796562778,204621
0,21798857478,204630
0,21801152199,204639
0,21803446925,204648
0,21805741647,204657
0,21808036372,204666
0,21810331078,204675
0,21812625822,204684
0,21814920483,204693
0,21817215156,204702
0,21819509803,204711
0,21821804466,204720
0,21824099090,204729
0,21826393741,204738
0,21828688409,204747
0,21830983031,204756
0,21833277678,204765
0,21835572348,204774
0,21837866911,204783
0,21840161503,204792
0,21842456091,204801
0,21844750663,204810
0,21847045249,204819
0,21849339835,204828
0,21851634414,204837
0,21853928959,204846
0,21856223465,204855
0,21858517974,204864
0,21860812484,204873
0,21863106997,204882
0,21865401507,204891
0,21867696014,204900
0,21869990525,204909
0,22064294186,204918
0,22265440188,204927
0,22367662800,204936
0,22369957823,204945
0,22372252823,204954
0,22374547878,204963
0,22376842941,204972
0,22379137878,204981
0,22381432805,204990
0,22383727799,204999
0,22386022724,205008
0,22388317652,205017
0,22390612652,205026
0,22392907550,205035
0,22395202520,205044
0,22397497466,205053
0,22399792401,205062
0,22402087378,205071
0,22404382311,205080
0,22406677229,205089
0,22408972109,205098
0,22411266958,205107
0,22413561842,205116
0,22415856741,205125
0,22418151623,205134
0,22420446479,205143
0,22422741390,205152
0,22425036269,205161
0,22427331180,205170
0,22429626078,205179
0,22431920870,205188
0,22434215719,205197
0,22436510510,205206
0,22438805306,205215
0,22441100148,205224
0,22443394995,205233
0,22445689809,205242
0,22447984614,205251
0,22450279426,205260
0,22452574237,205269
0,22454869087,205278
0,22457163847,205287
0,22459458579,205296
0,22461753354,205305
0,22464048108,205314
0,22466342862,205323
0,22468637641,205332
0,22470932357,205341
0,22473227151,205350
0,22475521845,205359
0,22477816570,205368
0,22480111244,205377
0,22482405941,205386
0,22484700617,205395
0,22486995296,205404
0,22489289996,205413
0,22491584650,205422
0,22493879353,205431
0,22496174048,205440
0,22498468643,205449
0,22500763288,205458
0,22503057903,205467
0,22505352508,205476
0,22507647148,205485
0,22509941746,205494
0,22512236373,205503
0,22514530949,205512
0,22516825511,205521
0,22519120047,205530
0,22521414589,205539
0,22523709155,205548
0,22526003692,205557
0,22528298233,205566
0,22530592776,205575
0,22724899611,205584
0,22926045619,205593
0,23028273161,205602
0,23030568215,205611
0,23032863270,205620
0,23035158353,205629
0,23037453448,205638
0,23039748439,205647
0,23042043394,205656
0,23044338421,205665
0,23046633399,205674
0,23048928340,205683
0,23051223389,205692
0,23053518319,205701
0,23055813344,205710
0,23058108317,205719
0,23060403283,205728
0,23062698315,205737
0,23064993276,205746
0,23067288226,205755
0,23069583138,205764
0,23071878041,205773
0,23074172954,205782
0,23076467885,205791
0,23078762822,205800
0,23081057705,205809
0,23083352648,205818
0,23085647582,205827
0,23087942503,205836
0,23090237451,205845
0,23092532275,205854
0,23094827179,205863
0,23097121998,205872
0,23099416827,205881
0,23101711724,205890
0,23104006598,205899
0,23106301444,205908
0,23108596283,205917
0,23110891148,205926
0,23113185986,205935
0,23115480870,205944
0,23117775683,205953
0,23120070444,205962
0,23122365251,205971
0,23124660059,205980
0,23126954840,205989
0,23129249653,205998
0,23131544402,206007
0,23133839249,206016
0,23136133970,206025
0,23138428728,206034
0,23140723457,206043
0,23143018182,206052
0,23145312891,206061
0,23147607602,206070
0,23149902356,206079
0,23152197040,206088
0,23154491773,206097
0,23156786522,206106
0,23159081145,206115
0,23161375823,206124
0,23163670491,206133
0,23165965126,206142
0,23168259799,206151
0,23170554428,206160
0,23172849110,206169
0,23175143714,206178
0,23177438309,206187
0,23179732899,206196
0,23182027469,206205
0,23184322069,206214
0,23186616657,206223
0,23188911232,206232
0,23191205803,206241
0,23385515819,206250
0,23586661864,206259
0,23688894377,206268
0,23691189458,206277
0,23693484548,206286
0,23695779000,206295
0,23698073427,206304
0,23700367858,206313
0,23702662310,206322
0,23704956720,206331
0,23707251169,206340
0,23709545598,206349
0,23711840051,206358
0,23714134477,206367
0,23716428906,206376
0,23718723360,206385
0,23721017784,206394
0,23723312218,206403
0,23725606647,206412
0,23727901099,206421
0,23730195528,206430
0,23732489958,206439
0,23734784409,206448
0,23737078835,206457
0,23739373266,206466
0,23741667720,206475
0,23743962128,206484
0,23746256576,206493
0,23748551007,206502
0,23750845460,206511
0,23753139885,206520
0,23755434316,206529
0,23757728770,206538
0,23760023194,206547
0,23762317627,206556
0,23764612059,206565
0,23766906510,206574
0,23769200937,206583
0,23771495366,206592
0,23773789820,206601
0,23776084246,206610
0,23778378676,206619
0,23780673130,206628
0,23782967555,206637
0,23785261985,206646
0,23787556418,206655
0,23789850868,206664
0,23792145294,206673
0,23794439728,206682
0,23796734179,206691
0,23799028605,206700
0,23801323037,206709
0,23803617467,206718
0,23805911898,206727
0,23808206346,206736
0,23810500777,206745
0,23812795229,206754
0,23815089656,206763
0,23817384087,206772
0,23819678539,206781
0,23821972966,206790
0,23824267398,206799
0,23826561828,206808
0,23828856281,206817
0,23831150707,206826
0,23833445136,206835
0,23835739591,206844
0,23838034016,206853
0,23840328448,206862
0,23842622879,206871
0,23844917309,206880
0,23847211756,206889
0,23849506189,206898
0,23851800641,206907
0,23854095066,206916
0,24047290151,206925
0,24349526528,206934
0,24351821663,206943
0,24354116781,206952
0,24356411268,206961
0,24358705749,206970
0,24361000209,206979
0,24363294692,206988
0,24365589136,206997
0,24367883640,207006
0,24370178096,207015
0,24372472584,207024
0,24374767064,207033
0,24377061521,207042
0,24379356008,207051
0,24381650487,207060
0,24383944934,207069
0,24386239413,207078
0,24388533899,207087
0,24390828382,207096
0,24393122839,207105
0,24395417325,207114
0,24397711804,207123
0,24400006267,207132
0,24402300753,207141
0,24404595195,207150
0,24406889697,207159
0,24409184155,207168
0,24411478642,207177
0,24413773121,207186
0,24416067582,207195
0,24418362070,207204
0,24420656548,207213
0,24422950993,207222
0,24425245476,207231
0,24427539960,207240
0,24429834442,207249
0,24432128898,207258
0,24434423387,207267
0,24436717867,207276
0,24439012326,207285
0,24441306814,207294
0,24443601273,207303
0,24445895757,207312
0,24448190217,207321
0,24450484702,207330
0,24452779181,207339
0,24455073645,207348
0,24457368128,207357
0,24459662611,207366
0,24461957053,207375
0,24464251534,207384
0,24466545999,207393
0,24468840501,207402
0,24471134961,207411
0,24473429445,207420
0,24475723927,207429
0,24478018386,207438
0,24480312872,207447
0,24482607334,207456
0,24484901818,207465
0,24487196277,207474
0,24489490764,207483
0,24491785245,207492
0,24494079702,207501
0,24496374190,207510
0,24498668672,207519
0,24500963114,207528
0,24503257596,207537
0,24505552059,207546
0,24507846562,207555
0,24510141021,207564
0,24512435507,207573
0,24514729986,207582
0,24707928277,207591
0,24909074337,207600
0,25000000000,207600
